"","R0.1.1","R0.2.1","R0.3.1","R0.5.1","R0.6.1","R0.7.1","R0.8.1","R0.9.1","R0.10.1","PR.2.1","PR.3.1","PR.4.1","PR.5.1","PR.7.1","PR.8.1","PR.9.1","PR.10.1","ER.1.1","ER.5.1","ER.6.1","ER.7.1","ER.10.1"
"RBM5",0.373743538,0.733421407,-0.445818042,0.437460955,0.939760602,-0.101900965,-0.030194667,-0.146141168,0.048751302,0.644188708,-0.563153098,0.438062584,-0.302886986,-0.271186021,-0.752131818,0.138486431,-0.234134361,0.330399429,0.372955861,0.203910485,-0.068099856,-0.271545104
"RBM6",0.785466886,0.474781285,-0.303630268,0.900612852,1.199420259,0.041136833,0.667847626,-0.136160962,0.185079941,0.415347862,-0.626700346,0.313274328,-0.231759795,-0.186309945,-0.198478182,0.805095485,0.042695569,-0.000206431,0.597819576,-0.035521199,0.169622945,0.057356709
"CSDE1",-0.022368816,0.979680608,0.395319824,0.116618463,0.630390603,0.485173286,-0.483485483,0.281893054,0.340756855,0.028057964,-0.202248662,0.028403547,0.383438792,0.212900051,0.390736073,0.51723283,0.016788363,-0.282278524,0.764224175,0.191318221,1.009161886,-0.225226928
"PTBP1",0.292246847,0.144768751,0.099758167,-0.031398977,0.529785062,0.269627708,-0.187756186,-0.33130452,0.229150462,0.753819783,-0.362282437,0.222514461,-0.311778998,-0.039199014,-0.059752352,0.058891618,-0.504856735,-0.012082771,0.311012251,0.419456752,0.07079625,-0.448253268
"MATR3",0.485930261,0.313694926,0.233675971,0.676244455,1.116593446,-0.154451332,0.364136856,0.255760331,0.271589317,0.565420237,-0.536873886,0.258642182,-0.265042085,-0.199465621,0.079050624,-0.168278204,-0.186412836,-0.059636022,0.811959151,0.007675317,-0.028945208,-0.307401622
"YTHDC2",0.47968424,-0.137617298,-0.839109303,-0.16823904,-0.433652261,-0.596813609,-0.668879099,0.096140593,-0.16771916,0.003232054,0.22128184,0.545828204,-0.128107026,0.31932407,0.240126315,-0.23318341,0.292352948,-0.894260313,-0.215396838,0.087247705,0.075114437,0.00588365
"PUM2",0.475138914,-0.110351635,0.697702999,1.014772132,0.746162013,-0.146540415,0.283840423,-0.091911757,-0.280809183,-0.380650989,-0.198428329,-0.012130166,-0.416479295,0.29316271,-0.032979999,0.034718688,-0.605349672,-0.053713921,0.553159262,-0.491391206,0.733764016,-0.508667841
"ZC3H11A",-0.313564921,0.219918012,0.456432687,0.892512429,0.571333519,-0.261564559,9.96e-05,-0.064032699,0.26319935,0.695312909,-0.471861335,0.527363178,-0.303448122,0.118766392,-0.147565595,0.16506509,-0.385331716,0.830992574,0.757637296,-0.210695089,0.149547873,-0.47811983
"PARP12",-0.12148998,0.08568621,-0.263385574,-0.611685285,-0.28640338,-0.123275125,-0.863102782,0.626180765,0.202365647,-0.229448794,0.050034119,0.055941196,-0.011113538,-0.154513924,-0.469418311,0.030159921,-0.533614633,0.232402556,-0.892318545,0.293645189,0.472554045,0.031313543
"EIF4B",1.054166429,0.695923538,0.642929546,0.908685323,0.954250886,0.768355481,0.811074822,0.244589775,0.329682299,0.310008289,-1.131792838,0.025596076,-0.074485864,-0.253383451,-0.555147335,0.024553805,-0.108275204,0.602175035,0.812536864,-0.198137416,0.12491139,-0.126844087
"U2AF2",0.543883982,0.501893074,0.479757425,0.674118614,0.700175129,-0.061316997,-0.056629717,0.054736189,0.087593819,0.469861663,0.001485424,0.399624179,0.010958941,-0.228694121,0.211749549,0.151451672,-0.350728069,0.528689818,0.786329959,0.252878412,0.269978373,-0.147364132
"SPEN",0.503712178,0.162648691,0.270280916,0.385833568,0.633590528,-0.64475063,-0.06642171,0.186152526,-0.016679374,0.338683187,-0.562468907,0.25801289,-0.517517257,0.068310217,-0.40205875,0.166656016,-0.136076011,0.289299634,0.735208972,-0.124349735,-0.123653227,-0.116102707
"ZC3H15",0.368149363,-0.061622138,0.339273302,0.840865671,0.445363365,0.498673538,0.04587907,0.488184104,0.328894046,0.619380451,-0.797228413,0.182364228,-0.07257183,0.305419266,-0.308821651,-0.126435242,-0.243398227,-0.157720973,0.699206853,-0.634365789,0.919743973,-0.334179917
"YBX1",0.530367965,0.867643978,0.413013204,0.199783348,0.690150062,0.394226331,0.202654613,0.176880435,0.38355916,0.174623643,-0.784008168,0.060038114,0.132047021,0.293934027,-0.799946977,-0.035880147,-0.012307519,0.025066145,0.629320153,0.126344893,1.093970872,-0.142203579
"ELAVL1",0.614926214,0.263584133,0.224636774,0.98001258,0.841269672,0.019085625,0.132145465,-0.345647076,0.227665119,0.38078144,-0.199783034,0.444676427,-0.355019346,-0.030224432,0.097170365,0.95697125,-0.310953922,0.057532548,0.790716202,-0.041690747,0.290973582,-0.158608238
"THUMPD1",-0.236373569,-0.605372708,0.243302879,-0.186914114,-0.416886956,0.060314388,0.565911421,-0.017369015,-0.042287845,0.244864243,-0.199515544,0.149693441,0.186431993,-0.03822694,0.270479486,-0.921325802,-0.483090537,0.190086678,-0.160172487,-0.60675236,0.346040281,-0.078833735
"DHX8",-0.181358384,0.482988906,0.132195879,0.532215789,0.601569815,-0.173276218,0.125399865,0.028893983,-0.01379589,0.411796692,-0.28536132,0.058283149,-0.238906434,-0.141542318,-0.0174933,0.424377598,0.036779192,-0.129064885,0.482984143,0.282333917,0.605487671,0.210775176
"SRBD1",-0.61730736,-0.235589105,0.950653843,0.267037542,0.786666167,-0.297816612,0.762828976,-0.149040478,0.167443001,0.485333729,-0.290646019,0.273701945,-0.504025863,-0.060760961,-0.466410242,0.449860097,0.028834385,-0.472482833,0.185214166,0.171006635,0.834401508,-0.460814632
"PABPC1",0.131291234,0.176361401,-0.014269659,-0.068933535,0.661667447,0.054270275,-0.139646934,0.386259978,0.220623339,-0.113072636,0.148528797,0.065537825,0.024631819,-0.070589631,0.130651998,0.322864302,-0.153375899,0.250224714,0.637410854,0.112909471,0.682930117,-0.302043917
"DAZAP1",0.070438027,0.426651505,-0.429590106,-0.462223168,0.662258421,0.829240471,-0.324592797,0.050619493,0.27681933,0.309617228,0.147692294,0.722605649,-0.081381295,-0.297106662,0.151338612,-0.586894095,-0.268796521,0.188977594,0.226603877,0.542432446,0.432781782,-0.041744156
"IGF2BP2",0.539142999,-0.127924542,2.091202928,1.607263862,1.411850956,-1.526224461,0.861994498,0.627952418,-0.130391447,-0.304470202,-0.682318671,-0.741154113,-0.977375748,-0.365262755,0.604721818,-1.827299529,-0.493372998,-0.37394812,-0.811201238,-1.547074674,0.99447637,-0.289986664
"ZNF638",0.167222764,0.443758131,0.747954773,0.970799487,1.15091567,-0.300366356,0.435511968,0.070711947,0.095668383,0.486345851,-0.541859783,-0.000837166,-0.395290045,-0.126154869,-0.383786111,-0.078624967,-0.270321457,0.185970645,0.765984948,-0.057137333,0.429539891,-0.212483696
"SART3",0.561813328,0.544273642,1.162613425,1.271168713,0.834268896,0.117947384,0.971473219,-0.127460955,-0.153764778,0.230307088,-0.514335357,0.543607608,0.024116874,0.009604785,-0.358038368,-0.273206365,-0.101471943,0.224765025,0.640387564,-0.518721644,-0.323154157,-0.169153576
"MKRN2",0.973831828,1.099811158,-0.943059632,0.189855505,-0.436691596,0.541581954,-0.704110399,0.111788542,0.419038693,0.360555455,-0.258058023,-0.074284673,0.218670781,0.816254973,-0.530003473,-0.232204828,0.035174057,0.690375928,0.054012639,-0.281974226,-0.072027989,0.082842929
"RBM7",0.177124216,0.687273431,0.07312835,0.267944016,0.600932228,-0.150540014,-0.111630401,-0.02950114,0.121034846,0.011327474,0.123718176,0.297774609,0.455906836,-0.180691558,0.187720121,-0.326715515,0.00060768,0.590228336,0.811158732,-0.099019477,0.095228712,-0.329704459
"RBMS2",-0.139699875,-0.332695521,-0.8024099,0.070329961,0.481918982,-0.543668468,0.534090895,-0.510650296,0.343250683,-0.12103245,0.106483157,-0.520006831,-0.148481234,0.0444827,1.43167777,0.201375752,-0.114292074,0.667859017,-0.058972789,0.091146529,0.305863778,0.01805996
"SNRPA",-0.333015214,-0.323509015,0.28503928,-0.140701227,-0.656553658,-0.152390889,0.547390134,-0.677637916,0.040799921,-0.220608421,0.412315328,0.17675521,0.179196574,-0.397975973,0.041987391,-0.109710167,-0.305180709,-0.227553464,0.082505493,0.98788273,-0.374639307,-0.269619709
"SYNJ2",-0.423672751,-0.564387095,-0.814690787,-0.533524148,-0.56839436,-0.144038811,-0.925934214,-0.810095833,-0.331161446,0.677924736,-0.511472023,-0.35788186,0.257687998,-0.302890703,-0.134063176,0.781103896,0.427962808,-0.248320135,-0.257125715,-0.500324009,0.296022101,0.042809821
"CNOT4",0.342629734,0.24649062,0.343077568,0.687839607,0.59382917,0.195915817,0.018738903,0.004519663,0.656144025,0.18215394,-0.031553511,-0.29959438,0.277025531,0.292360773,-0.352758222,0.469917241,-0.210447115,-0.086453027,0.152888258,-0.133178974,0.217158047,-0.084804446
"YTHDC1",0.36577147,0.404548339,0.833390874,0.876111909,1.061891897,-0.347016785,0.272731895,0.244425248,-0.09768101,0.76608732,-0.440378058,0.654115273,-0.309670616,-0.128251433,-0.373431544,-0.074381785,-0.579781867,0.401858591,0.806477282,-0.027221894,0.501876395,-0.031496632
"PPIE",0.142898613,0.572520551,0.366047991,0.795866272,1.079576826,-0.387272093,0.367642034,0.17285926,0.033676266,0.343234575,-0.375614114,0.291446929,-0.219631528,-0.061694901,0.134459924,0.094193947,0.100747943,0.197043975,0.963116954,0.459503204,0.572739667,0.007142884
"CHERP",0.421030043,0.789833885,0.67229626,0.809904448,0.955189954,0.178751723,0.278405978,0.500575422,-0.092421331,0.355112879,-0.599687615,0.387639156,-0.006659292,-0.121458513,0.278105191,-0.009827919,0.074011406,-0.079015618,1.350651704,-0.484291578,0.342955752,-0.139270917
"RBM22",0.499770399,0.475160673,0.319255813,0.565900392,0.600531576,-0.059250924,0.037246482,-0.100760269,0.404556802,0.506030419,-0.394679469,0.789838116,-0.371041606,-0.209210686,0.141121913,-0.145050448,-0.550705767,-0.070536596,0.27342426,0.364573897,0.41663021,-0.374760312
"KHSRP",0.767939315,0.008480095,0.157436474,1.021448341,0.49730763,-0.075225746,0.361130567,-0.653339994,0.161309383,0.602528277,-0.667830631,0.191761315,-0.554039814,-0.765796176,-0.680653504,-0.343065053,-0.165256215,-0.121485103,0.146269096,-0.090722863,-0.027039349,-0.105891619
"FUS",0.527244403,0.57258231,0.975643471,1.225297189,1.502591526,0.280815443,0.816880377,0.343737132,-0.028010814,0.151894118,-0.934147604,0.578870925,-0.307002144,-0.184596466,0.005508948,-0.443692427,-0.333675475,0.646011857,0.852079851,0.193370375,-0.081904654,-0.42539045
"PABPC4",0.529387887,-0.174853165,1.063265271,1.259869936,0.559402877,0.839784886,0.057294372,0.290155538,-0.24724998,-0.07818306,-0.080987983,0.220108748,-0.665339385,0.209805603,0.42521298,-0.217918924,-0.776287329,0.046891459,1.333164504,-0.249666206,0.817268921,-0.496567307
"RBM27",0.440328169,0.271497428,0.27955304,0.151707885,0.769567637,0.651235257,0.276327012,0.260772152,0.545739866,0.334522533,-0.317327253,0.773369483,7.17e-05,0.348702603,0.076127944,-0.148710737,-0.484107093,-0.364784742,0.188639188,0.042973695,0.437456882,-0.431296464
"HNRNPC",0.598041341,0.36740183,0.567450633,0.666829574,0.663712714,-0.092078464,-0.049907934,0.098304107,0.185117471,0.755503432,-0.479196634,0.441759226,-0.183947786,-0.100937917,-0.045912682,-0.355854958,-0.292652285,0.130000804,0.969248415,-0.101629024,0.357047539,-0.511813755
"HNRNPH3",0.663835777,0.337330907,1.025648742,0.857083245,0.919516819,-0.294354678,0.424135981,-0.090385626,-0.016534567,0.474210896,-0.280156126,0.114207728,-0.237303255,-0.132906932,-0.132365356,-0.045641088,-0.289417962,0.406748921,1.390866213,0.156088128,0.211937989,-0.099028912
"SETD1A",0.154747551,-0.361772261,0.206186929,0.327927752,-0.070661694,-0.325357977,0.193650612,-0.350209928,0.259563271,0.277595569,-0.07705031,0.177276776,-0.04376678,-0.095722651,0.096277032,0.519545942,-0.072220394,0.467377138,0.073404844,0.036411472,-0.412951855,0.185831561
"CIRBP",-0.182202875,0.826785782,0.42466275,-0.736886112,-0.525112339,-0.40424431,0.193524056,-0.348987859,0.345172824,1.16451034,-1.696766036,0.293802754,-0.476198475,-0.278746489,-1.240510952,-0.984961702,-0.198549616,-0.266396589,-0.39254031,-0.44235961,-0.60824865,-0.69422841
"HNRNPM",0.314198952,0.197102596,0.453353956,0.647935093,0.964905902,0.05298821,0.164448065,0.202191034,0.149557061,0.478746635,-0.109262971,0.50149898,-0.400879031,0.000369288,0.021116253,0.406366718,0.094817567,-0.360759127,0.809954206,-0.02614613,0.380146375,-0.188445767
"TRMT2A",-0.126174937,0.374597968,0.094004086,0.064750798,0.764694374,0.047101645,-0.305837461,-0.324275944,0.536211549,0.119500487,0.02955045,-0.264767172,0.581389797,0.947832853,0.817627457,-0.517455408,-0.194064838,0.582158516,0.220923314,-0.403619627,0.018145965,-0.458579296
"SF3A1",-0.023544764,0.605330538,0.42081591,0.704416983,0.764614252,-0.216247354,0.119381982,0.102935961,0.031032792,0.362944285,-0.221443307,0.355522432,-0.225624004,-0.116267606,-0.398772699,-0.145511517,-0.23013786,0.150231714,0.563678315,-0.01626155,0.075170834,-0.151573092
"SNRPD3",-0.326991883,-0.783086636,0.142876666,-0.085214169,0.522691654,-0.042884989,0.666024412,-0.489124543,-0.301315397,-0.166885924,1.306897222,-0.4289763,-0.035068707,-0.717779689,0.867786913,-0.184776869,-1.224467587,0.045951098,0.275598274,0.231404706,1.0465609,-0.688403446
"POLDIP3",0.50322118,0.072912717,-0.338448967,0.064777546,-0.79706968,-0.714769784,0.300161179,-0.376865141,0.044262486,0.485694411,-0.398718994,0.174265937,-0.183480912,-0.242323573,0.316385806,0.320318713,-0.415168236,-0.273685909,-0.200654384,-0.017790401,0.294689199,-0.426619101
"ZC3H7B",-0.032945856,0.027674735,-0.363827894,0.006755691,-0.228923541,0.114409542,-0.217136012,-0.228561457,-0.668815591,-0.348658533,-0.215219422,0.009905304,0.966756965,-0.289435161,0.371239925,0.372219763,0.255093692,-0.381419661,-0.209131045,-0.09528062,0.352048356,-0.364894672
"RBM23",0.247200659,0.235265948,0.498005392,1.18570772,2.062858298,-0.362075203,0.36851114,0.066888442,0.10229578,0.204483625,-0.047086278,0.176293773,-0.107117244,-0.349922202,-0.010396194,0.372059944,-0.223568957,0.113869695,0.386414074,0.129056093,0.100457837,-0.04144492
"ZC3H14",0.168465843,0.78593972,0.017741549,-0.095959112,0.745242189,-0.122512931,-0.09155268,-0.191136351,0.625339961,0.6360215,-0.777197603,-0.066304848,-0.281894604,0.191704368,-0.566709747,0.165387449,-0.23670873,0.364333725,0.282565353,-0.067269813,-0.213949343,0.001157467
"ACIN1",0.534118428,0.684720035,0.615911551,0.83430178,1.104050911,-0.224331828,0.183933284,0.099115728,0.272932686,0.47821548,-0.922579226,0.444466503,-0.464956929,-0.09683734,-0.40804827,0.04900704,-0.379242676,0.328124159,0.563009549,-0.425837796,-0.117654372,-0.478966001
"PABPN1",0.855904751,0.608384624,0.621295228,0.226098655,0.838202195,-0.110537938,0.155671376,0.098576417,0.347625884,0.439133631,-0.799805692,0.194614965,-0.409897189,-0.312522098,-0.25884308,-0.399654431,-0.267875783,0.566384409,0.456195074,0.02068913,0.057315035,-0.454524282
"CSTF2",0.384866928,0.41999475,0.299342145,0.19798166,0.639290753,0.230936085,-0.018276627,0.419493932,0.016892507,0.642051432,-0.279847049,0.308415886,-0.103737075,0.22261144,-0.063655315,0.211570617,0.155868846,0.368058671,0.880792051,0.146272897,0.280613325,-0.539648827
"FMR1",0.951182961,-0.092091466,0.656417362,-0.242363398,0.01164746,0.211116631,-0.694074614,0.25766212,0.95092792,0.150405048,-0.55379574,-0.367174513,-0.027189788,1.14658608,0.234323889,0.040525093,-0.590011434,0.281890422,0.528040073,0.624677007,1.184146996,0.074231302
"HTATSF1",0.489063754,0.368688398,0.689995597,0.500688138,1.001981817,-0.155081792,-0.085168294,0.49314944,0.902963534,0.541103235,-0.680903624,0.427069149,0.786882816,-0.118660076,-0.052007624,-0.437561513,-0.376989632,0.015647524,0.838598904,0.209369591,0.077139652,-0.364990268
"RBM3",-0.847441066,-0.264760953,1.339771314,-0.170584285,0.680910088,-0.417244059,-0.333483107,-0.638782665,-0.50029718,-0.050452393,-1.308160694,0.071479649,0.714242931,0.247132683,-0.918571548,-0.38929454,0.31513571,-0.644453254,0.283289654,-0.273080569,1.99971447,-0.374571717
"ESRP2",0.329035702,-0.012509737,0.232976366,-0.433512884,0.875138885,-0.24770752,-0.169734377,0.046515224,0.51504675,0.821418976,-0.924950323,-0.315694416,-0.108186818,0.631480149,0.505352108,0.005894133,-1.380294418,0.166339139,0.419671954,-0.374951548,0.515195419,-0.507562064
"DNAJC17",-0.084066427,1.044339336,-0.271966599,0.418426562,0.540981448,0.326312538,0.263302358,-0.358601836,0.320394306,0.819182792,-0.743874469,-0.027203258,-0.449283055,0.861998745,-0.226386212,-0.416648392,-0.34794791,0.473695751,0.0901678,-0.318988153,0.013229322,-0.690494063
"MYEF2",1.271395207,1.313739582,1.278835073,0.780404414,0.948080678,0.334784044,0.133362255,-0.188649219,0.500548991,0.385873682,-0.650653771,-0.306501938,-0.575509244,-0.103913685,-0.598271157,-1.256954679,-1.401080616,1.272936714,0.773025879,-0.432118541,0.425887007,-0.821667614
"ESRP1",1.715337096,1.213250026,0.547450891,-1.623313332,1.048274319,0.655706415,-0.777316245,0.531709945,0.83784356,0.166269238,0.068242831,-0.0663811,0.247502494,0.847556469,0.572777851,0.299607679,-1.109784861,0.067548607,0.931108123,0.102196505,1.329916684,-0.437472855
"HNRNPL",0.432701746,0.591982475,0.573251822,0.871005852,0.979498193,-0.01848014,0.190338669,0.241131248,-0.001393587,0.398218901,-0.216445377,0.483103529,-0.224266917,0.024080058,0.110694199,-0.147925359,-0.165947796,0.075270958,0.894487497,0.266083404,0.25459258,-0.179951545
"SNRNP70",0.136143205,0.640219705,0.641793677,0.81232008,0.959856764,-0.011721673,-0.107379216,-0.010536691,-0.07816089,0.704765708,-0.428592359,0.430115126,-0.035184901,-0.22442746,0.066718784,-0.029447713,-0.240733639,0.208546502,0.643669006,0.234408688,0.298880037,-0.412804371
"TRMT1",0.822581013,0.316223094,0.246800812,0.753410412,0.183805515,0.69107794,-0.217119009,0.010190746,0.331428207,0.175214181,-0.360144816,0.523152425,-0.668924568,1.039426379,-0.16543274,0.843798685,-0.427754816,-0.315771933,-1.007558549,-0.090038875,0.353844582,-0.057979747
"NOVA2",0.028624925,1.589620636,1.414042506,0.935121324,0.768789649,-0.933450981,-0.569773514,0.127002928,0.433968698,-1.132576845,-0.282726212,0.470723969,0.336676942,-0.394997392,-0.888312166,-1.172909753,-0.311873781,0.146781923,1.384359354,-0.075979196,-0.075238845,-0.115618985
"ZC3HAV1",0.304818708,-0.194826645,-0.325691333,-0.846584021,0.230344698,-0.073403958,-0.45679633,0.257644021,0.309168401,-0.186929907,-0.067835805,0.146701804,-0.182853162,0.209682259,-0.227718316,-0.139393104,0.007480749,0.449875504,-0.197011449,-0.227527282,-0.214995786,-0.103256892
"EIF3B",0.42213465,0.133708706,0.015753624,0.500823588,0.127795722,0.53503355,0.006965284,0.210859441,-0.106707012,0.226165808,-0.464802544,0.251145984,-0.217430771,0.177615107,0.182157462,0.133583424,-0.034206773,-0.378726065,0.455717072,-0.155481962,0.62494586,-0.081512996
"RBM28",0.730737622,0.669139133,1.081653054,1.003676544,0.69441532,-0.395206966,-0.24587118,0.181440647,0.044988085,0.251121581,-0.548031488,0.509683312,-0.59987063,-0.315232727,-0.386217646,-0.716306173,-0.662785675,-0.296366658,0.514143205,0.03160239,0.684106972,-0.272103109
"EIF4H",-0.01118188,0.70999159,0.951610726,0.058042413,0.677943022,0.391055381,-0.401129779,0.13555885,0.623419371,-0.140990734,-0.396535044,-0.60211593,0.168293865,0.131235254,-0.015685494,0.119028175,-0.121720473,0.360183723,0.578723347,0.514231313,0.605646069,-0.190879843
"FUBP3",-0.448200488,0.185734432,-0.011301209,-0.002358892,0.660261742,-0.407047579,0.212750354,0.129799137,-0.149405547,0.309901665,-0.173697115,-0.225767844,-0.021157317,-0.34422775,0.054978033,0.24509295,-0.162320536,0.175860294,0.286467238,-0.10428309,0.367512575,-0.265807583
"LARP4B",0.854620696,0.679300793,0.496284307,0.647086137,0.522848787,0.475312896,-0.377042768,0.707973503,-0.180187798,0.203588807,0.013393166,-0.107727701,-0.079279465,0.729877209,0.784387791,-0.166758306,-0.258471331,0.238542121,0.457517696,-0.074707093,0.27160896,-0.13218942
"SUPT6H",0.035623443,0.215107727,0.154793671,0.343631813,0.698456215,-0.036045315,0.311434215,-0.074581163,-0.150848082,0.285103801,-0.330353969,0.399660529,-0.052624342,0.031310842,-0.020553826,0.176894713,-0.10271379,-0.082592912,0.536960593,0.274739973,0.60549576,-0.10821952
"CPSF6",0.439257353,0.285137378,0.548382967,0.756160503,0.824710982,-0.063405476,0.213264371,0.309230702,0.280069262,0.732427091,-0.561518491,0.365787005,-0.365093345,-0.238688394,-0.143273895,-0.055249949,-0.240854395,0.246764849,0.675749742,0.177967864,0.437752947,-0.252190745
"KRR1",0.967405088,0.809735451,0.257037342,1.11325377,0.769137364,-0.380576059,0.030601412,0.02745162,0.043885875,0.51166793,-0.286843689,0.436053984,-0.038537403,-0.221983941,0.20557933,0.019537177,-1.087106823,0.140470151,0.327898016,-0.406356474,1.055943141,-0.392064766
"QKI",-0.618230511,-0.411498594,-0.134221676,0.981198602,0.102105942,-0.765375214,0.254377098,-0.555410923,-0.48007666,0.402469995,0.306245567,0.063222568,-0.258207618,-0.395740804,0.037877804,0.635349688,0.709034764,-0.406262374,0.022201029,0.527787955,-0.541808062,-0.06393396
"FXR1",0.052608515,1.149025159,0.886294482,0.90487063,0.526896894,-0.419764096,-0.053589351,0.701391321,0.675946262,-0.09161054,0.078006628,-0.093336233,0.287627645,-0.875311898,-0.073439904,0.393358485,-0.016442804,0.829323878,0.783103041,0.615787512,-0.516838458,-0.113626618
"NCL",1.01530021,0.887506535,0.993152918,0.700880311,1.368825603,0.297708175,0.270760893,0.205439204,0.295606732,0.537851479,-0.621833995,0.533852975,0.310911765,-0.165334663,-0.189165849,-0.211648253,-0.68211998,0.759393719,0.854160515,0.304732126,0.607947247,-0.578215476
"HDLBP",-0.151942037,-0.331149147,0.102934936,-0.082784056,0.090674909,-0.103952733,0.172948793,0.178594073,-0.145380471,-0.442216184,-0.500451247,-0.104267586,0.503213527,0.488314553,0.035001031,0.224560763,0.70258485,-0.666692812,0.040278107,-0.156394722,0.114572031,0.10472137
"PNO1",1.524394679,0.124051122,0.261051096,1.141881373,0.803927496,-0.435626288,0.039696351,0.053906168,-0.057418501,0.543386506,-0.24820711,0.631611313,-0.836165378,0.284821069,-0.061554763,0.082163205,-0.308032816,-0.454536303,1.164028341,-0.048984895,1.868752859,-0.763717974
"TIA1",-0.364116036,-0.196965282,0.870641788,1.447682964,1.220317569,0.14697499,0.468119552,0.195627511,0.261745281,-0.414030211,-0.770582308,0.337016801,-0.123012876,-0.958857311,-0.024371851,0.070157897,-0.382784194,0.248545132,0.955031463,-0.338513417,0.272596753,-0.286615913
"SFPQ",0.305106097,0.334571361,0.32928734,0.757895228,0.888225563,-0.180833084,0.196622918,0.116835563,0.084370213,0.292074483,-0.459914043,0.221719401,-0.190875799,-0.223224615,-0.065386872,0.081803896,-0.168022172,0.001798889,0.767248971,0.134344256,0.099328989,-0.111876769
"PRPF3",0.190644333,0.603091326,0.662460403,1.101436075,0.97552919,-0.479531247,-0.186136765,-0.07551675,0.16979975,0.237176156,-0.328453343,0.079956885,-0.395494583,0.087326718,0.179387309,0.378258035,-0.294011897,-0.050238096,0.775227038,-0.115864142,0.359954386,-0.178545751
"PTBP2",0.559782299,0.937344845,2.681250213,2.228430795,2.652503331,-1.426569932,0.321271624,1.044347082,-0.384180263,-1.362236147,-1.097147474,-1.224806862,0.758083039,-1.325259412,-0.641889878,-0.464513626,-0.63126155,0.486506102,2.432531587,-1.398780007,1.837919009,-0.176073017
"RBM25",0.079187368,0.57238638,0.502461919,0.725175134,1.057006563,0.131464602,0.005263122,0.293515726,-0.173014723,0.316074965,-0.190527713,0.549404922,0.145251695,-0.111945173,0.267485936,0.250468288,-0.408339649,0.394215402,0.688572857,0.017107279,0.199655596,-0.54612186
"TARDBP",0.606040417,0.434139109,0.437126169,0.594114867,0.71105511,0.201228636,0.300836825,0.187036737,-0.064585676,0.500689142,0.007933939,0.262368095,-0.088631842,0.012251003,0.306078403,-0.006098606,-0.357151947,0.152551914,0.921800946,0.199927304,0.399953234,-0.55136717
"AKAP1",0.61975311,-0.279643682,-0.145689055,-0.394190769,-0.300539586,-0.287397121,-0.464076928,0.528775048,-0.120453574,0.684068713,-0.727950577,-0.171955262,0.030532782,0.294359839,-0.756474491,-0.660155116,-0.865388961,-0.225502637,0.187421453,-0.798418125,0.214886025,-0.400092934
"PSPC1",0.596849708,1.0718286,0.278474978,1.072934956,0.99698064,0.098643403,0.032939549,0.106316483,0.27669575,0.710713968,-0.110302378,0.462709174,-0.4991852,-1.283942485,-0.084087997,-0.308925723,-0.537440319,-0.101032418,1.056017379,-0.329314893,0.120969522,-0.543406585
"ZCCHC17",0.483513958,0.662401039,0.023724398,-0.011801534,1.378054506,-1.004866811,1.161979261,-0.367973385,-0.831707442,0.465831259,-0.432291652,0.595643182,-1.225048377,-0.392951793,0.1733701,0.332724099,-1.040201989,0.742906426,-0.160112525,0.232810336,0.087010162,-0.234736685
"KHDRBS1",0.383020276,0.647088524,0.754913293,0.892509128,1.341229792,-0.214395753,0.40153031,0.154916938,-0.006078724,0.40075755,-0.290099654,0.27054536,-0.358184383,-0.03530062,-0.196581846,0.212323571,-0.044572194,0.197502931,1.249534174,0.121694965,0.382191565,-0.1873393
"ZC3H7A",-0.232262862,-0.474195501,0.496677182,0.343277331,-0.041587626,0.013065535,0.366888307,-0.307078502,0.248376885,0.566242916,-0.703532445,-0.010802063,0.133995026,0.001387919,0.231595664,0.226258696,-0.334129796,-0.300257972,-0.027242071,-0.244752381,0.140113616,-0.252333687
"HNRNPA2B1",0.666736228,0.653710469,0.552368302,0.584729825,1.094069632,0.163372864,-0.064854411,0.173532168,0.173961873,0.570699434,-0.543531364,0.537405318,-0.347578048,-0.121825646,0.114585065,0.090205519,-0.291219466,0.589539056,1.047532347,0.430970157,0.240397512,-0.453818993
"BICC1",-1.446773298,-1.177558561,-1.241355767,-1.658849106,-1.529107894,-0.658792072,1.137760434,-1.22726679,-0.212383495,-1.09866163,-1.338966701,-0.823756461,0.345832511,0.101072175,1.085776129,-0.077219497,1.758243217,-1.022967481,-1.099037128,-0.55109065,-1.292636005,0.93101355
"RBM19",0.227357526,0.243173074,0.800468857,0.818100934,0.544193592,-0.10619932,0.435565455,-0.465788172,0.181902246,0.739224015,-0.139780931,-0.054302806,0.01477426,-0.132423466,0.113957758,0.161690064,-0.491488711,0.273082181,0.644728695,-0.493032985,0.326881821,-0.158902891
"ZC3H13",-0.025343035,0.254452385,0.210133445,0.353411974,0.843081978,-0.31717631,-0.04236101,0.167333135,-0.177825011,0.512545941,-0.917034071,0.223299866,-0.155745784,-0.511370953,-0.501380127,-0.012207219,-0.054064256,0.000731135,0.546562939,0.242898563,0.223119186,-0.042654319
"RNF113A",0.526154788,0.133782605,0.2555897,-0.141134348,0.376216916,0.945972541,0.326276938,-0.012549938,0.758942771,0.374471218,-0.468689624,0.833193199,-0.153046772,-0.15440587,0.661948844,-0.401931487,-0.1578259,0.258024051,-0.013190756,0.042310235,-0.206835461,-0.34604578
"SNRPD2",0.309777779,0.629286693,0.662614745,0.371373607,0.719959058,0.160578245,0.36837796,0.123785172,0.373414869,0.46361839,0.206255959,0.350612164,-0.069899425,-0.088612119,-0.022749146,-0.205528525,-0.337257304,0.15511019,1.071816504,0.624280615,0.451591409,-0.458048253
"SNRPB2",0.330990509,0.485596693,0.260683818,0.551936444,0.485884411,0.277048952,0.2399378,-0.207497293,0.272395888,0.542365331,-0.066634615,0.386045818,0.176029774,-0.087004724,0.210317227,0.075946874,-0.462159799,-0.034590592,0.457706943,-0.104357675,0.342286534,-0.016394216
"HNRNPR",0.759900924,0.340486844,0.577133356,0.535486082,0.810984871,0.174429006,0.329976901,0.100300264,0.230713577,0.452103068,-0.361745974,0.410589575,-0.055590203,-0.449374606,-0.060245124,0.082317956,-0.356809042,0.337318231,1.296839499,0.08819146,0.334654206,-0.260002086
"RALY",0.386378702,0.655450781,0.041755227,-0.432045901,1.26393374,-0.482418814,0.165432998,0.492390933,-0.017452075,-0.287788588,0.065008188,0.53094213,-0.294540673,0.051939259,-0.141586444,-0.392187475,-0.302097503,1.077092837,1.362074751,0.231929382,0.211129018,-0.571272641
"RBM42",0.158040646,0.644841401,-0.111853999,0.155529572,0.372514895,-0.617097547,-0.052312398,-0.087376833,-0.304248167,0.414387628,-0.20991906,0.071020259,-0.1564845,0.238693897,0.209268973,0.14865814,0.648759085,-0.039669121,0.830849846,0.027482722,-0.01538974,0.066789976
"HNRNPH2",0.128184268,0.336600442,0.390632416,0.049310171,0.376603681,0.236146031,-0.076467066,0.089497162,-0.108223874,0.287046261,-0.0899474,-0.445855887,0.206466758,0.010705312,0.135736722,-0.502105678,0.163211638,0.048594584,0.145703498,0.014500895,0.244569632,-0.251736838
"FXR2",-0.278738319,-0.308723862,-0.249464566,0.371391199,0.651468002,0.524233094,0.381778196,-0.225905531,-0.059203459,-0.473665733,-0.091638549,-0.16930842,-0.350007998,-0.10606097,-0.274819915,0.216380773,0.177625517,0.559615106,0.670740579,-0.381881604,-0.082081384,0.120001737
"SAFB2",0.43985524,0.60703657,0.076476123,1.106825066,0.646828856,0.243344694,-0.051379018,-0.311088988,0.253213934,0.844415047,-1.104922519,0.17444216,-0.470598061,-0.397128323,-0.602501895,-0.107626598,-0.493159496,-0.276921708,0.377801249,-0.501024852,-0.000176509,-0.014360078
"LSM7",0.448707576,0.425039727,0.900554728,0.323053975,0.728772033,0.673167308,0.802386197,0.015738557,0.477730895,0.735111999,0.07126403,0.930314982,0.543082437,0.465012972,-0.062746016,-0.154615336,-0.118089,0.455485651,0.445560253,0.234552589,0.485126855,-0.213673846
"LSM4",0.402632683,0.755393281,0.550424213,0.614341309,0.44917337,0.875097768,0.46463666,-0.292489064,0.194693704,0.995284249,0.454972314,0.570327461,0.246012372,0.457750977,0.386566316,-0.103798421,-0.484401117,0.847954537,0.575902199,0.947230307,0.307671775,-0.163323696
"ZC3H4",-0.153629661,-0.127053979,0.31705978,0.975483409,0.652460364,-0.787916895,0.120241626,-0.119881808,-0.075761885,0.167944117,-0.937983647,0.707591051,-0.071065368,0.043112022,-1.139637497,-0.00814714,0.030359771,0.483272541,0.657826618,-0.695847727,-0.358243028,0.032292951
"EIF3G",0.447878327,0.24214693,0.095388554,0.623107939,-0.001027755,0.160236132,-0.212746838,0.010842943,-0.017156136,0.038857841,-0.70918494,0.203958642,-0.449409901,0.104812439,-0.213070731,0.206489441,-0.301654635,-0.553540755,0.112879889,-0.125926085,0.966741317,-0.173335361
"DKC1",1.776393395,0.494804068,0.462009794,0.435921595,0.175827743,0.419567048,-0.601799108,0.564405737,-0.052942545,1.052046917,-0.686097433,0.441092108,-0.189120641,-0.133575973,0.212903305,-1.076166562,-0.72121247,0.469865808,0.473790611,0.004075447,-0.033786808,-0.756581321
"PPIL4",-0.375434553,-0.520330462,0.033104802,0.983921726,0.712117986,-0.373745724,-0.078156157,-0.182884311,0.0498201,0.992185314,-0.232348669,0.384219985,-0.356048311,0.393883916,0.35115944,0.100118159,-0.009362319,0.371077328,0.685093201,-0.162753344,0.603079672,-0.248890366
"RBM39",0.341605999,0.851837446,0.758755485,0.452012321,0.843343744,-0.016722616,-0.042917688,0.404516704,0.00928584,0.539927044,-0.215090378,0.333663713,-0.10358584,-0.510502319,0.20189307,0.05022918,-0.267496974,0.069298632,0.909586953,0.138743719,0.363905177,-0.104902677
"ANKHD1",0.310383997,0.268392893,-0.321376782,-0.082669496,0.147949572,0.477775281,0.174211493,0.181739766,0.945004922,0.084049007,-0.100589987,0.112651192,-0.304588913,-0.170363057,0.031259445,-0.198417347,0.048122047,-0.599211939,0.067286354,-0.233320952,0.276908585,-0.140208814
"KHDRBS3",-1.434360325,0.922881111,-1.650247875,-0.803682081,-1.763519284,-0.272671412,-1.271400715,-0.735798274,-0.007853598,0.432618826,-0.235888935,-1.511961136,0.160580293,0.058357666,-0.802932478,-1.09100659,-0.302351259,-0.929217996,0.938687058,0.321703718,-1.338420861,0.134248366
"RBM8A",0.185430769,0.736457416,1.14732617,1.049316731,1.220421171,0.548677105,0.225575537,0.226211595,0.114935465,0.068241871,-0.712316139,0.355034682,0.199107939,0.030031745,-0.155913945,-0.144833997,-0.278941449,0.394675289,1.03205007,0.484849507,0.626852463,-0.325695153
"GRSF1",0.536038369,-0.002960509,0.237019434,1.066184311,0.072583481,-0.174736605,-0.207335104,0.164537135,0.39368342,0.324567613,-0.547914,-0.02427034,0.534015557,0.089661003,0.973961316,1.235004543,-0.329483114,-0.215181461,1.10835073,0.144809975,1.37607586,0.04963143
"ANKRD17",0.448399385,0.190324366,0.337441361,0.48515173,0.224283594,-0.37968013,-0.106959004,-0.019209893,0.177033578,-0.105511639,-0.502826812,-0.052376089,0.161349985,-0.071680373,0.227070641,0.787147874,0.166995516,0.470698519,0.984153219,-0.297960214,0.017105817,-0.270512667
"UNK",-0.104675373,0.309020384,0.043105501,0.737638165,0.172125361,-0.524673785,0.515224708,0.118466094,-0.531444644,0.073669142,-0.543526162,0.18514672,-0.323218543,0.183276021,-0.368498469,0.527718128,0.271467814,0.582095876,0.124425984,-0.470231954,0.045829853,-0.246990647
"NIP7",0.586107057,-0.103476381,0.077007647,0.768151674,1.007696153,0.39116071,0.321723875,0.396942291,0.421977242,0.635307572,0.684271343,-0.318986915,0.348071147,0.476880689,0.774904256,-0.242179178,-0.849144578,0.496712469,0.390927994,0.086266269,2.028768882,-0.595623422
"TOE1",-0.781720609,0.424753688,0.160840581,0.291718784,0.412398882,0.566085736,-0.047271514,-0.205356318,0.054778464,-0.136645025,0.147879789,-0.335487529,-0.532377173,-0.31819788,0.028476969,0.124309715,-1.100601112,0.349159667,0.435646998,0.696202023,1.130524857,-0.271556711
"SRRM1",0.64255451,0.982047248,0.232793202,0.176186441,0.961642711,0.270452708,0.069978507,0.254247241,0.271417785,0.32406332,-1.019683927,0.419155289,-0.234572534,-0.334647711,-0.652101708,0.262673506,-0.217782278,0.450281796,0.909844263,0.072048252,0.529721309,-0.356435138
"EIF2S1",-0.111033441,0.16821222,0.181600337,-0.051886368,0.257476126,0.400096928,0.203316207,0.327462753,0.471629794,0.094882083,-0.199487226,0.264967418,-0.010146601,0.082176857,0.20082583,0.291923747,0.077233725,0.380140003,0.489764869,0.031614975,0.624540635,-0.002697758
"THUMPD3",0.173311431,0.104717881,0.047273197,0.387729543,0.467414759,0.54889715,-0.094130669,-0.124106965,0.298070678,0.715369531,0.149350081,-0.294172727,0.209832584,0.014179663,0.588654197,-0.067190653,-0.244548797,0.465610541,-0.028980584,0.579808932,-0.159909676,0.15913242
"RBMX2",0.282814999,0.382097132,0.642222137,0.257113123,0.80252094,0.378012115,-0.121414114,0.094585863,0.084493181,0.289499847,-0.109278745,0.03560596,0.121156655,-0.277350753,-0.281331698,-0.047653716,-0.178090143,0.624149323,1.030306066,0.119069412,0.663232054,-0.236313703
"PUM1",0.515015608,0.654238854,0.518909274,0.206054885,0.688844742,-0.19925114,-0.034102607,0.127956066,0.534818671,0.062750497,-0.461898925,0.183914313,-0.102120848,0.431215389,0.147077611,0.347366773,-0.037893832,0.258470848,0.885482984,-0.085598202,0.196272117,-0.21966497
"MSI1",1.170915552,0.141137957,2.913339356,2.371660899,2.021060206,-0.367396551,0.352294701,-0.059100943,-0.053899523,-0.737594181,-0.513810749,-0.689323267,-0.736028453,-0.890593899,-0.669306327,-0.971449289,-0.400438776,1.113086119,2.351236511,-0.142336961,-0.794517159,0.720695064
"SYNCRIP",0.432213344,-0.206406733,-0.040123045,0.407905322,0.634490152,-0.201574777,-0.005422423,0.211907835,-0.393625469,0.368993226,-0.12787453,-0.164732821,0.02392809,0.123557308,0.159507961,0.13365871,-0.09917048,0.533568369,0.670676314,-0.114697389,0.525352509,-0.29823419
"HNRNPA1",0.839039701,0.653466819,0.631532303,0.690015068,1.238363208,0.310235135,0.312184437,0.285081592,0.293112803,0.700409958,-0.166594584,0.16838142,-0.046079557,-0.609329781,-0.151433552,0.239900974,-0.033899869,0.074363348,1.239356116,0.471278345,0.540063655,-0.190800634
"RC3H1",-0.383748308,0.135817568,0.120971668,0.168838788,0.066289432,-0.013730504,-0.234507215,-0.715610296,0.249648334,-0.375774435,0.135849599,-0.040987968,-0.520917308,0.096240328,-0.070675577,0.167931613,-0.030897386,-0.047212219,-0.52681234,0.836966964,0.700028753,0.353372919
"IGF2BP3",-2.544442018,-1.643749261,2.086937179,-1.551393931,2.896552684,-0.923958157,0.149403115,-1.457680724,-2.974592529,-2.938620612,-2.707593219,-0.031807135,-1.933785084,-3.007858819,2.274944874,-1.594441621,-1.115805808,3.199729913,-0.243254046,-2.128197443,-1.193078949,-1.949691792
"NUPL2",0.67154675,0.402185342,-0.332849561,0.608809366,0.350248641,0.168607681,-0.288687247,0.364203909,0.011337128,0.631883525,-0.62651919,-0.176514412,-0.171290494,-0.198351909,-0.1838028,-0.753338434,-0.282974151,0.08305634,0.594337076,-0.292107561,0.445034424,-0.280457821
"TRA2B",0.195192175,0.791008819,0.688858073,0.8287831,1.146972307,-0.029411991,0.172575974,0.218937301,-0.158789261,0.20315477,-0.256460504,0.441511584,-0.01553966,-0.366161131,-0.067253788,-0.07577084,-0.293066509,0.532452361,0.800087287,0.197948496,0.132376689,-0.280434816
"SLTM",0.37393006,0.64472778,0.292459623,0.463383267,0.810155714,-0.290082067,0.11627903,-0.010792884,0.063732811,0.440407205,-1.071500036,-0.115583382,-0.665396051,-0.31800118,-0.161072322,-0.098094884,-0.71573097,0.056609979,0.419322048,-0.287558433,0.565844496,-0.488970545
"PNPT1",0.630604971,0.121201282,0.617324655,1.455167732,0.993480737,0.509777483,-0.064062576,-0.450243956,0.509291415,0.099691832,-0.08800966,0.322879576,-0.239966838,0.748976979,-0.833478685,-0.393980573,-0.983108088,0.424029228,0.554478017,-0.007553344,1.071742552,-0.482615342
"ASCC1",0.377402338,-0.321527439,-0.569600074,0.023385576,0.322317928,-0.233931572,0.335051478,0.231982134,-0.581941563,0.280665412,-0.235867625,-0.204020778,0.368207642,0.094876842,0.21533327,0.489427863,-0.005653906,-0.422675004,0.187628967,0.249671493,0.716104841,-0.222995741
"SSB",0.789378818,0.2543721,0.392021004,1.434935138,1.060680721,0.286474446,0.175287066,0.623905274,0.863121682,0.624553572,-0.219392789,0.769675756,0.10262997,-0.260420861,0.59980507,-0.376161994,-0.567121361,0.779738368,1.015182256,-0.411902943,0.802989244,-0.299388227
"HNRNPD",0.72425264,0.57111063,0.537764554,0.607865084,0.501198556,-0.555504227,0.000696316,0.055604451,-0.156149198,0.574094829,-0.417511368,0.361291141,0.012267138,-0.845203683,-0.240203727,0.004348881,-0.224341683,0.295193127,1.262636001,0.007100718,-0.328081996,-0.277524873
"G3BP2",0.048630381,0.236225146,0.407558209,0.733437827,0.551675755,-0.664965708,0.035550614,0.159862118,0.206275378,0.136337363,-0.49024767,-0.160127597,-0.032894161,-0.495131315,-0.189363193,0.786603558,0.171177308,0.546905942,1.444585091,-0.668091117,-0.060757444,0.094274301
"SETD1B",0.132030099,0.403469428,-0.052528223,0.208221587,0.249996901,-0.20593774,0.491725949,-0.349964192,-0.38714494,0.241243093,0.376878325,-0.040641826,-0.140629229,-1.091891909,0.270570615,-0.174875601,-0.412712374,-0.526494431,0.758520266,0.261185402,-0.01690848,0.079736769
"RBM26",-0.050083897,0.199765157,0.818999025,0.258660211,0.784552907,0.083447367,-0.275255523,0.140126341,-0.14062915,0.846868963,-0.533981694,0.328333147,-0.520503942,-0.494094264,0.021392878,0.00410068,-0.520378336,0.650813224,0.525118831,-0.246778439,0.308839152,-0.758388201
"DUS3L",0.992973993,0.472108026,-0.461361002,0.753104661,0.07916659,1.338490663,-0.300026909,-0.0853087,0.149583226,-0.482404719,0.42455035,0.089269515,-0.211688427,0.017166132,-0.720699675,0.092474193,0.133272071,-0.550213671,0.411051741,0.029040266,0.353171059,-0.083861671
"SF3B4",-0.218346551,0.599280501,0.920746168,1.080755907,0.936503113,0.014847327,0.127002713,0.490518431,0.364421083,0.186438976,-0.342356468,0.94378612,-0.706785424,0.091088697,-0.098661826,-0.026288732,-0.435333588,-0.138688338,0.688988045,-0.023839492,1.037865086,-0.149285632
"G3BP1",0.377115675,0.356872298,0.357135644,0.229844603,0.344169758,0.422658323,0.020299777,0.621395479,0.598151534,-0.09816083,-0.402274165,-0.012294434,0.081014739,0.902261939,0.250975381,0.069341528,-0.091609977,-0.322084202,0.101927668,0.430668206,0.584446004,-0.368253645
"NONO",0.305413667,0.486406199,0.558470636,0.62883184,1.214569577,-0.195534776,0.184484141,0.187960652,0.042247414,0.378900186,-0.055056065,0.244830486,-0.157018605,-0.235351059,0.184611277,-0.102348247,0.008788074,0.191403281,1.034782638,0.210615768,0.386996153,-0.171100939
"RBMX",0.397587528,0.473352072,0.594278642,0.8854872,1.133997324,-0.388164971,0.225391047,0.268985078,0.140359679,0.554885466,-1.532873938,0.133044163,-0.483840968,-0.391547665,-0.974873732,-0.240079049,-0.281881555,0.2524141,1.248129047,-0.148619365,0.222512649,-0.455075293
"PDCD11",0.713128711,0.130288094,0.823831242,0.984841596,0.766643384,-0.007091502,0.209007764,0.014620188,0.023775509,0.622730937,-0.068362683,0.496388217,-0.367824787,-0.317452363,-0.114872693,-0.33819998,-0.366715618,-0.205585399,0.477784723,-0.51351025,0.78584261,-0.452764099
"TUT1",-0.518295354,0.250913197,0.038167975,0.560156108,0.94219992,0.477064487,0.102974755,-0.182468574,0.181246635,-0.212970918,0.039662007,-0.275528038,-0.091814936,-0.07933853,0.549940342,0.337751759,-0.872383176,0.403472629,0.303536051,-0.045927643,0.74181198,-0.24694011
"RPS3",0.292722108,0.163349456,0.071353924,0.286240065,0.000219214,0.483021748,0.052878806,0.248051233,0.109519758,0.447480724,0.389501907,0.267470843,0.115911721,0.212261314,0.207110223,-0.073442047,0.048477768,0.023872758,0.449285593,0.26520437,0.742117083,-0.05642962
"CPSF7",0.380137875,-7.46e-05,0.564706709,0.157525714,0.942984917,-0.218551613,0.273641924,0.147737458,0.358091623,0.437089548,-0.625660721,0.25885307,-0.55467426,-0.006825991,-0.340516866,0.1177722,-0.195744772,0.470014723,0.927759845,-0.281672381,0.505108116,-0.301384455
"YTHDF1",0.027611361,0.412097087,0.59568663,-0.155902002,0.797794326,0.301338002,-0.204358638,0.247298443,0.653857028,0.102392801,-0.277921452,0.041394595,0.135547114,0.53846211,0.265839183,0.146746114,-0.35099313,-0.237859693,0.581699779,0.212670406,0.51969648,-0.818546183
"TIAL1",-0.042397856,0.527452687,0.17121366,0.360387086,0.438939035,0.073168184,0.140266403,-0.129019758,0.002642693,-0.001946417,-0.034484429,0.093871751,0.012105436,0.090108109,0.143868546,-0.29362451,-0.432583737,-0.28382513,0.519596212,0.135926636,0.301308697,-0.2732616
"ZFP36L2",0.491961152,0.042697658,0.157991418,0.48313094,0.237385284,0.194107832,-0.051374922,0.074874504,0.84629911,0.117786789,-0.678202256,0.554202547,-0.629818967,0.656430177,-0.862534339,0.383312477,0.452434059,0.91140194,0.47583707,-0.576491454,-0.388366132,-0.539457526
"PAN3",0.264049112,0.407147572,0.348775614,-0.079798938,0.095652599,0.192635752,-0.702316068,0.323089652,-0.23647851,-0.358413068,-0.320791267,0.571229096,-0.068142842,0.233648979,0.527184358,-0.166718349,0.162304693,-0.244773743,0.271415501,0.284660791,0.37252053,-0.496145824
"CARHSP1",0.194669189,-1.439006091,0.878641692,-0.033723688,0.334710437,-0.177794738,0.140768316,-0.456101979,-0.314528966,-0.290062841,0.51834125,-0.584833275,0.041187668,-0.739736581,2.469535918,0.060387882,-0.552208899,-0.218534128,-0.026538555,1.013546152,-0.314763162,0.488931837
"RBMS1",0.162709828,-0.630457581,0.190752516,0.620652192,0.582233304,-0.633720089,0.295817723,-0.549384038,0.183101481,-0.163913995,-0.064510302,-0.199508258,0.02432906,-0.087246541,0.397236929,0.060528746,-0.566414715,0.308924554,0.079673652,-0.060520326,0.106445444,0.268324321
"MSI2",-0.163746426,0.235440385,0.16749034,0.761543608,0.750825563,-0.173328379,-0.005470118,0.231348713,-0.905683915,1.156745643,-0.879162128,-0.281449945,0.434104444,-0.244293849,-0.685124869,-0.257196157,-0.410037801,-0.785822823,1.060811333,-0.551031896,0.250396934,-0.210182305
"LARP1",0.55014238,0.533546022,-0.128333671,0.179285096,-0.069228196,0.3545521,-0.164678134,0.065098833,0.453146373,0.314795834,-0.544274164,-0.082000764,-0.11033211,0.176978622,-0.076311222,-0.308701291,-0.564182525,-0.663654287,0.350111509,-0.403240776,0.650189086,-0.52359363
"RBM45",0.189655755,0.365407988,0.242614897,0.172606553,0.561965322,-0.204415778,-0.011912069,0.022934581,0.405000903,0.937582568,0.234192062,0.302554716,0.067410956,-0.951614804,-0.283488969,0.399738228,0.167420098,0.167829182,0.646708091,0.190240091,0.022787302,0.598723274
"RBPMS",0.14073108,-0.573928774,-0.370109389,-0.323087894,-1.262615178,0.87788217,-0.322741515,-1.478881868,0.383914396,-0.704329754,-1.761953682,-0.198781604,0.175037477,0.329171728,0.531321625,-0.858282748,0.525976037,1.491448185,-0.117582993,0.079040631,-0.899074089,-0.237356096
"ZC3H18",-0.400377794,-0.150808493,0.243605823,0.366246898,0.593903678,-0.146446636,0.184820831,-0.193878656,0.291464999,0.286773641,-0.937976011,0.603890484,-0.14452563,0.522647846,-0.451428366,0.101238597,-0.087264577,-0.128313373,0.510281913,0.207162706,0.159165701,0.032764251
"SYNJ1",-0.906536796,-0.872341736,-0.292705242,-0.728515167,-0.305605014,-0.225418008,-0.136476813,-0.292435416,-0.276785913,-0.67543302,0.734357169,0.246317002,-0.490804052,0.388369074,-0.124019883,-0.435589622,0.332430133,0.090494293,-0.625279399,0.22862531,-0.313219992,0.10240794
"U2AF1",0.251971913,0.001939134,0.815811945,0.514095105,0.872060734,-0.383877455,0.040694547,0.01700394,0.05365261,0.059993676,-0.350668143,0.817503777,-0.625949304,-0.311086136,0.408464618,-0.131912828,-0.103782045,0.468414859,0.978917544,0.313870405,0.06386033,-0.581052673
"SAFB",0.806341137,0.074965069,0.457301319,1.103113091,1.225609791,0.059340386,0.198124399,-0.031160816,0.217044471,0.584085554,-1.175007051,0.658561399,-0.610719171,-0.442870858,-0.787567493,-0.003277783,-0.165627703,0.051221497,0.867440068,-0.079035152,0.068667498,-0.344068034
"CPSF4",-0.410818017,-0.347221791,-0.656762572,0.195541323,-0.219428648,-0.661694931,1.841853698,-0.379878422,-0.278890567,-0.111934522,-0.100700861,-0.003123093,-1.109231582,-0.862151399,0.656596511,-0.046652748,0.107359659,-0.21335214,0.990085319,0.311565632,-0.258942303,-0.178011665
"LARP4",0.16457005,-0.36364092,0.830899284,-0.178986173,0.405610385,0.222608538,-0.946760253,0.277707942,0.769158888,-0.127495563,-0.324053826,-0.242162265,0.181800151,-0.171620988,0.373876916,1.299005879,-0.02175321,-0.082839883,0.884030031,-0.167445609,1.656872888,-0.289722667
"RAVER1",-0.29129458,0.200747644,0.279795804,0.858868028,0.096138398,-0.032061068,0.406955435,-0.131457758,0.075749327,0.744889787,-0.048722464,0.488325768,-0.177495304,0.622108562,0.272371063,0.786702339,0.103756355,0.012963284,-0.019036107,-0.007183717,0.78989335,0.084249176
"FUBP1",-0.32078432,0.943609175,1.035136838,-0.213067471,0.680308171,-0.27566186,-0.265402152,-0.09018886,-0.108573979,-0.006168144,-0.314143172,0.215967375,0.11467604,-0.087366969,-0.005532477,-0.43093842,-0.497171605,0.817856528,1.383448276,0.53154644,0.499286521,-0.443431866
"RBM15",0.464760537,0.216746405,0.532258543,0.568448328,0.504107345,0.098748866,0.053405053,0.153963249,0.390836926,0.377561068,-0.234636507,0.45905084,-0.354842206,-0.096930955,0.224476049,-0.067638924,-0.280759516,0.2217949,0.947914635,-0.089920765,0.131185434,-0.190756526
"DHX57",0.328892219,0.124645974,0.967875237,1.219107881,0.917668771,-0.234549837,0.443232431,-0.364779272,-0.194501135,0.337571521,-0.125031358,0.214795023,-0.226651613,0.110993037,-0.220869504,0.185731602,-0.098708662,-0.318214024,0.771954013,-0.199575415,1.082084001,0.044737756
"RBM47",0.137259713,0.247220644,-0.031169225,-1.034638336,0.173503226,0.470111786,-0.682213335,-0.484069136,-0.033337125,0.524042153,0.606225811,-0.408151316,0.449891473,0.32130881,0.787893478,0.377642517,-1.122107258,-0.23340679,-0.09301031,-0.190017155,0.867025359,-0.408642867
"LSM6",0.678427717,0.468118065,0.794738275,0.668419739,0.654200215,0.868268121,0.630868981,0.226944405,0.326192236,0.614360879,-0.030171243,0.932662497,0.54895011,0.476353058,0.065413569,-0.69462814,-0.708587501,0.268970741,0.601708176,0.986157422,0.244706438,0.245081682
"TRA2A",0.456329977,-0.189244772,-0.134974353,0.367278334,0.992420151,0.408451828,0.088575714,-0.299862576,0.072661617,0.538829084,-0.186811337,0.064549742,-0.327013605,0.327678997,-0.039675866,-0.47541284,-0.068305672,0.434144701,0.51913458,-0.25440259,1.052540938,-0.418467182
"HNRNPK",0.384539592,0.50529763,0.423884709,0.465933158,0.974825184,-0.059255943,0.180841336,0.234406693,0.33603478,0.608284608,-0.561165223,0.111957761,-0.160536383,-0.038668826,-0.247349807,0.160379869,0.101732199,0.125577847,0.861140534,0.37495843,0.105080961,-0.038755708
"SNRPD1",0.330461569,0.795619827,0.023221327,0.292079878,0.868210071,0.471538297,0.081603201,0.185175826,-0.01175953,0.518960592,0.773624512,0.093699014,0.124298393,0.124280056,-0.014655702,-0.184893924,0.117477353,0.030150913,1.226651907,0.444968648,0.259138891,-0.183284904
"SF1",0.189813485,0.579023205,0.189577828,0.142458133,0.290733156,-0.025375185,0.218124579,0.152726784,0.259156143,0.092715636,-0.112521307,-0.114710573,-0.003238138,0.155582127,-0.296304476,-0.192837948,-0.12307878,0.055587196,0.802775747,0.267242518,0.071192376,-0.33702613
"HNRNPH1",-0.101103315,0.676733454,0.653746479,0.596237735,0.969833228,-0.041793581,0.342359655,0.101121553,0.174628028,0.214249862,-0.001311299,0.378718672,-0.174488212,-0.510505379,0.085450013,0.469730078,0.076576666,0.01385151,0.815650673,0.213731875,0.176651954,-0.028413624
"PCBP1",-0.064029194,-0.195085624,0.460213766,0.539317746,0.93236237,0.300179587,0.270020322,0.159667431,0.084561675,-0.076129997,0.271470493,0.288098683,-0.301293345,-0.246879788,0.023496687,0.029964103,-0.172477355,-0.373404291,0.525808781,-0.047044293,0.28231872,-0.14807735
"HNRNPF",0.724035213,0.396341218,-0.046923571,0.318998373,0.75264949,0.433042214,-0.124247815,0.353906048,0.161950018,0.675522057,-0.064437425,0.128755627,-0.310915266,0.070091596,0.203149987,-0.259604137,-0.260486103,0.621841994,0.828165109,0.689528627,0.229352607,-0.318548853
"HNRNPA3",-0.248674255,0.250729478,0.833802978,0.951711715,0.968701888,0.00125653,0.180280537,0.446976525,0.227372746,0.444035951,-0.29078692,0.421575906,0.432179028,0.186176343,0.150219649,-0.262085411,-0.452163784,0.035762764,0.942543589,-0.016066073,0.406115102,-0.417873412
"LSM3",-0.036312793,0.866616672,0.651123389,1.069711821,0.586129153,0.737917526,0.814882387,0.403131037,-0.073465514,0.323311842,-0.464280612,0.635927002,0.141358101,0.44813551,0.187719489,-0.177931389,0.243693037,0.857159525,0.46272063,1.065278547,0.512261365,0.069887422
"TAF15",0.221425484,0.35500071,-0.996817902,0.358334724,1.084843326,-0.244994921,-0.706046526,0.181513941,-0.058991105,1.346293142,-1.064734498,0.180216669,-0.474388827,0.239287937,-0.300780865,-0.235453041,0.28165893,0.236234335,0.465095145,0.396193841,0.939549176,0.05481805
"RBM4B",-0.256976184,-0.525298065,-0.436982428,-0.238230936,-0.379265343,-0.721351839,0.181916706,-0.311767734,-0.425718656,0.275366698,-0.319805464,-0.363156539,-0.409614865,-0.004225235,0.495740569,0.317647713,-0.036432443,-0.527297876,0.143039707,-0.175547346,-0.11299255,0.284404956
"RBM4",0.402722832,0.731443767,0.513546489,0.674406651,1.248595738,-0.111291644,0.261209404,0.367960262,0.40673732,0.235896954,-0.570650693,0.153164324,-0.220865156,0.078562411,-0.090183771,0.054497612,-0.086455033,0.151635527,1.01987258,-0.150837634,0.566979317,-0.431874853
"LARP7",0.34040837,0.68042664,0.652928651,1.079672186,0.664674557,-0.304823547,-0.043912402,0.529087119,-0.298369435,0.27930193,-0.91019013,0.184004591,-0.474221465,0.050849601,-0.396421435,0.084494158,-0.489823007,-0.191875,0.342898744,-0.296999388,-0.18356351,-0.226214746
"LSM1",0.125738882,0.178075469,0.765854558,-0.078634398,0.710157316,0.791294491,0.509263842,-0.227327103,0.527443773,0.254683708,-0.042468745,0.044341114,0.371176759,-0.016600857,1.11354103,0.151463969,0.36919694,-0.151433573,0.406451309,0.834771802,-0.228489239,0.154371784
"CSTF2T",-0.186862478,-0.027555713,0.167628547,0.841998607,1.36021207,-0.183039552,0.121625816,0.011986343,0.042388935,0.483687443,-0.264342186,0.067828024,-0.417129166,-0.125803608,-0.412237257,0.091303353,0.306234822,0.087336665,0.119286892,0.035311031,-0.118589818,0.023263282
"HNRNPA0",0.861661665,0.438753723,0.240096651,0.899674547,1.414158498,-0.320998943,0.486313926,0.082492058,0.325868023,0.491700372,-0.447153808,0.250218759,-0.085808241,-0.279972944,0.432285571,-0.056044082,-0.320890214,-0.021533554,0.851502652,-0.926339144,0.054169461,-0.5764413
"SAMD4B",0.073197343,0.00943899,-0.113259321,-0.120109325,0.626983071,-0.209832666,0.383719673,0.037167731,0.202375857,0.108729963,-0.570727165,-0.899802417,0.484874119,0.094301891,-0.42697411,0.286735559,0.371426746,0.324862072,0.222743663,0.040649771,0.0311182,0.414296769
"RBM15B",0.536410173,0.675923221,-0.288014103,0.394148888,1.025371541,0.355643167,0.36487301,-0.178466576,0.267048071,0.252222572,-0.438114801,-0.308283767,-0.002893604,-0.807136513,-0.013859191,-0.054964744,0.08304119,0.659627943,0.851890688,-0.51315634,0.19672846,-0.22666563
"PUF60",0.712723989,0.978470818,0.426555199,0.568666573,0.585358213,0.797533555,-0.042684136,0.817734887,0.547277525,0.316359805,-0.398298987,0.431424531,0.139115155,-0.06528171,-0.262041963,-0.113710865,-0.244653604,0.372149362,0.666336028,-0.000842293,0.21998367,-0.524676772
"MEX3D",-0.343867144,-0.377178006,-0.246649243,0.020999247,0.079436105,-0.07405931,0.617921761,-0.58530035,0.407434683,0.335683609,-0.147994139,-0.729006048,-0.324139309,-0.84826069,-0.09924081,0.239961578,0.425151878,-0.214343697,0.581109886,-0.468293029,-0.036808445,0.35586052
"TDRKH",-0.987309174,0.622620565,0.5878511,0.704300655,0.37496724,0.403239067,-0.875851922,0.017576354,0.220530815,-0.210810738,-0.106742273,0.56968624,0.101722004,-0.25438307,0.437058328,-0.291152343,-0.705958559,-0.525468462,-0.876538755,0.218670294,0.702155329,0.160871881
"RBM10",0.313393602,0.627941212,0.834519734,0.396950612,0.413177462,0.123698732,0.02189289,0.231805899,0.133193152,0.545374767,-0.763521457,0.554897236,-0.336727827,0.202468434,-0.215417506,-0.116073638,-0.148263595,0.350418783,0.795088349,-0.296539533,0.29155848,-0.367899476
"LENG9",-0.504812329,-0.248845045,-0.730500335,-0.663465997,-0.364934829,0.048775944,-1.017139339,-0.330526526,0.16398962,1.183384745,-0.060720187,-0.274269825,-0.265155366,-1.151691169,-0.655888809,-7e-05,1.044956589,-0.437660878,-1.209710135,-0.307525345,-1.011511369,0.123893675
"EWSR1",-0.056268367,0.425499334,-0.035632341,0.208872744,0.069810205,-0.307385363,-0.664183006,-0.130817353,-0.230569585,0.481268865,-0.464950379,0.01158262,0.246966484,-0.708439609,0.202598733,0.036118318,0.007739722,-0.208910726,0.773607487,0.516066956,0.277988046,-0.444655005
"RBM12B",0.44978068,0.691336726,0.469969009,0.660395864,0.762241455,0.107578473,0.243569744,0.183928786,0.438367628,0.498562405,-0.192142249,0.04749371,0.150875065,-0.505067529,0.26469234,0.042141778,-0.421982131,0.545376608,1.169690522,0.004374108,0.469620227,-0.403079696
"RBM33",0.499268776,0.332844516,0.650978511,0.631772971,0.836938755,-0.05527019,0.002097905,0.110674059,-0.287798509,-0.054837914,-0.344805508,0.013552246,-0.447456453,0.055231674,0.109643908,-0.309351037,-0.387254403,-0.078365567,0.659459939,-0.234649664,-0.166474024,-0.132386378
"ZFP36L1",0.258896158,-0.220704148,-0.485135503,-0.296255618,0.960698361,-0.510397641,-0.209574416,-0.899403045,-0.027686356,-0.017728256,-0.125464124,-0.751019642,-0.112843774,-0.237190759,0.32175305,0.870004026,0.606033065,0.871052231,-0.200046409,0.05547475,-0.990615941,0.614848139
"YTHDF3",0.702563231,-0.003462028,0.409673299,0.041945174,0.196287373,0.426042682,-0.132609557,-0.126341756,0.562128016,0.074152882,0.017912293,0.136718677,0.031385602,0.406109671,0.136485975,0.66819227,0.26632473,-0.321723215,0.435266201,-0.216613906,0.690860225,-0.131644496
"ZC3H6",-0.417301362,0.330279356,0.121965,-0.787751505,-0.30676796,0.905778497,-0.07069399,-0.116688962,-0.13865874,0.715927629,-0.347395405,0.801597817,0.668353697,-0.054375557,-0.68274263,-0.538551207,-0.2494727,-0.21582969,-0.255357542,-0.83394337,-1.003825929,1.777443224
"RBM34",0.255598056,0.09113089,0.917405631,0.669228688,0.656798914,-0.342557698,-0.165946033,-0.453343817,0.478712041,0.355740473,-0.417671214,1.2042883,-0.311283875,-0.576115569,0.243565882,-0.289818286,-0.696856352,-0.165557971,0.520461462,0.001062222,0.31779402,-0.120776081
"RRP7A",0.80570826,0.232017692,0.355949572,0.899062781,0.667655278,0.00595782,-0.003068528,-0.03424808,-0.093744409,0.847873916,-0.075022644,0.544778308,-0.343599363,-0.068011782,-0.382817563,-0.821493429,-0.155765706,-0.184257625,0.310275171,-0.311082843,0.775321137,-0.291640395
"PCBP2",-0.005376025,-0.558437928,0.289271718,-0.11812073,0.304193285,-0.143778841,0.366539736,-0.446268846,-0.409153069,-0.298542477,-0.138586714,0.482356905,-0.303017873,-0.586828731,0.883427315,0.244160155,0.142562708,-0.322549514,0.581366192,-0.284187354,0.298810188,0.135709283
"ZGPAT",1.058148406,0.640422116,0.119382955,0.076931954,0.946327906,-0.162929339,0.196077682,0.320062582,0.843593986,-0.354518048,-0.463764847,0.103931849,-0.172576811,0.448231545,0.243556743,0.4661299,0.4389942,0.318896655,0.570099948,0.096753713,0.043958104,0.008118183
"HNRNPAB",0.182182769,0.96494189,0.015156453,0.088295723,0.466380547,1.189716031,-0.165385991,0.870017289,0.774102677,0.517273262,-0.329366411,0.144396492,-0.40533245,0.230821608,-0.265692491,-0.331214576,-0.630450454,0.467576067,0.690410831,1.189683526,1.323660838,-0.523103588
"NOL8",0.677553464,0.50834786,0.312631438,0.368677729,0.487579244,-0.362402622,0.085011368,-0.02506216,-0.080130507,0.954682866,-0.648522286,-0.00054358,-0.159137738,-0.27610762,-0.595907589,-0.299240862,-0.233176745,-0.205892372,0.323783748,-0.210723704,-0.220316282,-0.282571995
"HELZ",-0.214801616,0.09037296,0.119467125,-0.024035763,0.123837784,-0.576627128,0.20407593,-0.400390289,-0.317231857,-0.146795552,0.200024898,-0.552652471,-0.031464287,0.739446119,0.564267908,0.974475956,0.397772052,-0.010294885,-0.181180692,-0.132718723,0.289520305,-0.03946621
"YTHDF2",0.401716461,0.376788402,0.52532751,0.497836644,1.144226238,-0.336667584,0.112832187,0.379915937,0.66410338,0.023516651,-1.167273857,0.206290261,-0.383430262,0.111305352,0.362205831,0.476601775,-0.258484073,-0.119402283,1.018073375,-0.578886719,0.584272982,0.072469414
"MEX3A",-0.163093334,0.481323222,1.394452104,2.008181244,1.454490969,-0.548319002,0.623696471,-0.215991497,-0.921700614,-1.399220242,-0.083572326,0.550304347,-0.674041716,-0.077183696,-0.311478739,0.533862072,0.111052727,0.527412696,1.569011952,-0.775044272,0.615972292,0.482734096
"PPP1R10",0.290414631,0.765754401,-0.017384535,0.50163731,0.964062777,0.187712214,0.100091328,-0.181104076,0.473971443,0.476981113,-0.302747919,-0.164736832,-0.493409273,0.063624735,-0.15809765,0.319315527,-0.267980387,-0.166631792,0.833728695,-0.348682022,0.451522396,-0.178104088
"RNPS1",0.203459018,0.19553532,0.584959554,0.681057358,0.636920021,0.098114116,0.039551204,-0.061651027,-0.121509747,0.424906391,-0.395535326,0.033516071,-0.038016092,0.323410835,0.014610737,-0.136095645,-0.417664514,0.039944214,0.389427023,-0.172888499,0.137826504,-0.293275844
"RBMXL1",1.952332573,1.935508721,0.789710089,0.302162019,0.042353374,-0.377891324,0.145647086,0.313625036,-0.687933947,0.153401159,-1.651145702,0.452127759,0.208916429,-0.139466665,-1.254990409,-1.268758197,-0.787938973,0.960231305,0.569331338,-0.814538144,0.062250766,-1.043000283
"MCTS1",-0.249004439,-0.542373739,-0.172605259,-0.675299444,0.12565077,0.882687598,0.813243074,-0.21497619,0.349888537,-0.189797587,0.412160625,0.203759373,0.755467142,-0.206876992,0.997062776,-0.040275623,-0.303534132,-0.726901565,-0.32028198,1.085264133,0.424342609,-0.029389228
"RBM14",0.389813751,0.259254332,0.308733478,0.266003914,0.995200592,-0.198349844,-0.017679325,0.07354887,0.324301247,0.477177582,-0.567739006,0.348737012,-0.390520112,0.028568548,0.208491462,-0.013015787,-0.199788024,-0.101296533,0.785345963,-0.303463186,0.042379015,-0.160748347
"NSUN6",-0.337182922,-0.786407763,0.188726286,1.325434554,0.090418577,0.045394828,0.147873321,-0.158209639,-0.016983292,-0.312875636,-0.156681279,0.202019502,0.071222497,-0.130390501,0.376784492,-0.323107695,0.029148288,0.438737701,0.13030594,0.35504797,0.707391056,-0.177606782
"RBM12",0.662827971,0.61014367,0.226430247,0.559351088,0.777891995,-0.099858545,0.169118415,-0.158624176,0.355768408,0.462335076,-0.170335555,0.150257483,0.068815964,-0.44280998,-0.121324763,0.156454969,-0.389376923,0.181849338,0.773949856,-0.029540642,0.01326083,-0.645089651
"DGKQ",-0.349902688,-1.140544161,-0.616758529,0.075208344,-1.171188361,0.189000484,0.159536702,-0.381938403,-0.116111967,-0.151820446,-0.154689469,0.073310958,-0.297064704,-0.378330513,0.627698351,0.018071912,0.326209585,0.042830092,0.390629596,-0.808409467,-0.802396816,0.458573666
"RBM17",0.548567734,0.614458826,0.713985293,0.647044572,0.968473406,0.184490037,-0.033174203,0.535812447,-0.169167929,0.333740442,-0.514687328,0.526933325,0.060579494,-0.302790585,0.348773075,-0.263073991,-0.15074214,0.138726786,0.941180802,-0.20099773,0.223150495,-0.287172696
"MCM3AP",0.309432831,0.391659081,0.126684708,0.435071397,0.303394407,0.161332943,0.238900626,0.23029512,-0.432928274,0.378928357,-0.097182924,0.257598742,-0.24192069,-0.096265246,-0.073785121,-0.181578807,-0.164749138,0.023170787,0.215422017,-0.096189674,-0.129240356,-0.227811445
"PARN",0.304263749,-0.838929936,0.068887713,0.460435582,0.092334204,0.761628278,-0.016992089,0.421088877,0.169691987,0.463033913,0.007839289,0.576078921,0.063066161,-0.093203255,0.112882349,-0.342340744,-0.337867569,0.132100327,-0.159014577,0.553852237,0.868612101,-0.684305781
"TLR2",-0.753330134,-0.188702357,-1.147729496,-0.969657543,-0.552217632,1.221617298,-0.786728072,0.243726525,0.612325685,-0.954864139,1.694989879,-0.387959449,0.095684104,-0.531809051,0.786976978,0.681801085,0.738956567,-0.153797093,-1.121092537,0.304984562,-0.56536566,0.831145602
"PARP10",0.266891738,0.310800147,-0.990045129,-0.706125488,-0.856727374,0.073775691,-0.558495873,0.311126978,1.139445317,-0.593171823,0.266476851,0.158693896,0.40144578,0.342277091,0.222115104,-0.221495975,-0.227204133,0.507162901,-0.779248146,-0.24476541,-0.395399089,0.053473913
"CCAR1",0.205657691,0.593047348,0.512560364,0.483282052,0.636610021,0.106181544,-0.231220893,0.296131449,-0.056898361,0.587241238,-0.21567422,0.2580402,-0.056096762,-0.148479116,0.004262372,-0.296296539,-0.166149482,0.208948954,0.567189893,0.19460297,0.286299582,-0.500294084
"LEMD3",0.346900366,-0.007254004,-0.481163021,0.015075379,0.209202904,-0.220017047,1.19855684,-0.53613065,-0.052961449,-0.079708193,-0.098207901,-0.13964814,-0.166693032,-0.530327223,0.220512531,0.178014616,-0.169138338,0.100890273,0.442438412,0.311053544,-0.168586903,-0.318659927
"UPF3B",0.815240528,0.378558638,0.402873448,0.801928025,0.425266039,-0.590441568,-0.000578809,-0.045192686,0.256626202,0.090561457,-1.304444866,0.275693694,-0.550866182,0.815718756,-0.499795605,-0.423797257,-0.513104063,0.809051054,1.020950466,-0.120624341,0.021652801,-0.44515756
"SRRT",0.548778563,0.44263007,0.708221243,0.937848561,1.268099272,-0.114929599,-0.008261267,0.435983281,0.002573644,0.372600079,-0.332486381,0.32350266,-0.362532289,-0.147713352,-0.008166765,-0.203794485,-0.140102227,0.459091073,0.869583569,0.11945713,0.331077055,-0.267716259
"ZC3HAV1L",0.235163348,-0.454139492,0.54595435,0.988533692,0.687591009,-0.422357841,0.671609539,-1.009657881,-0.588989048,0.467206758,-1.090514189,-0.293812319,-0.167496352,0.673734372,-0.067050357,-0.636530932,0.172333335,0.146815937,0.443713777,-0.927132436,-0.519540775,0.298110861
"PARP14",0.104059405,0.495962635,-1.042867159,-1.151000749,-0.21426991,0.05830197,-1.007715275,0.29879707,0.476046874,-0.500577039,0.186401793,0.348101584,0.585327624,-0.217744687,0.026242874,0.076694791,-0.41710412,0.551649178,-1.442407208,0.800819141,1.3980138,-0.125397123
"TMEM63A",-1.351726959,0.092861419,-0.061589436,0.026642172,-0.258624102,0.280654158,-0.185550759,-0.41667245,-0.880788141,-0.435748928,-0.16023535,0.494983095,-0.31464762,-0.642091567,-0.112033054,-0.466131861,-0.99310274,-1.228032565,-1.172606314,-0.820527988,-1.037181173,-0.386708442
"SLBP",0.307252851,-0.152117661,0.315992042,-0.624365976,0.839779977,-0.143415341,0.033867468,0.869306792,0.086280818,-0.058805839,-1.149153536,0.249508216,-0.289104612,-0.13002144,-0.302485505,0.470651859,-0.733981847,2.222688082,1.85772098,-0.683510766,-0.502452292,-1.792495875
"SRRM2",-0.008405728,-0.078246656,0.354834616,0.727984185,0.857183535,-0.106703971,0.385136332,-0.066193486,-0.080536836,0.186419995,-0.677067666,0.135542676,-0.339049078,0.013701293,-0.140715541,0.028141432,-0.022316327,0.210207132,0.692575792,-0.65463098,-0.070503736,0.058285109
"ZFR",0.530138043,0.2454912,0.571333159,0.548929707,0.485001207,-0.082556092,0.192651602,0.177478643,-0.014743316,0.620917636,-0.618046486,0.495957017,-0.230024667,0.101300232,-0.379482715,0.132084253,-0.275423926,-0.218582762,0.838052001,-0.101107918,0.046697344,-0.181717859
"UPF1",0.386360052,0.219773803,-0.109057662,0.299030187,0.521109018,0.101574121,-0.186493358,0.538658098,0.405991869,0.028056043,-0.273237837,-0.180236339,-0.097003375,0.344313929,0.116359257,0.846279952,-0.188580435,0.202832381,0.771693983,-0.307347441,0.356601183,-0.178378395
"KIN",0.258652876,-0.086305581,0.360293807,1.062396101,0.992186007,0.188015694,0.284499149,-0.120397156,-0.579105669,0.180220666,-0.092212015,0.249061787,-0.273375387,0.574392049,0.681825978,-0.465913415,-0.417278664,0.597282697,0.736108922,0.286215513,0.062407912,-0.353076225
"SNRPC",0.024069205,0.027596565,0.749340751,-0.17065904,0.056190531,-0.185312562,0.285891238,0.128952173,-0.105956057,0.123804732,0.338137275,0.274629504,0.060926757,-0.98548178,0.529415867,-0.578930136,-0.552446273,-0.055470161,0.454969854,1.532925377,0.926892019,-0.65502816
"IREB2",0.371283524,-0.233718244,-0.42650921,-1.069177377,-0.122724406,1.075291894,0.241383841,-0.26396001,1.131498975,0.033238078,-0.007794627,-0.410990611,0.311653274,-0.508322837,0.876908251,0.479469313,-0.54706705,-0.705320509,0.94050015,-0.219821105,0.834965044,-0.244379125
"ACO1",0.073603533,-0.682060585,0.424010636,-1.210100278,-0.548867384,0.142656302,-0.410478886,0.348254551,-0.663027385,-0.526958482,-1.038101737,0.31725063,0.792075981,0.529864514,-0.522348404,0.05080905,1.179498948,-0.943719533,0.239857418,-0.242376771,-0.969476383,0.610191044
"TROVE2",0.461682412,-0.024650056,0.086631319,1.753449195,-0.299263545,-0.089390508,-0.181699818,-0.013230608,-0.522800674,0.628626768,-0.601531202,0.485594135,-0.090717809,-0.722402062,-0.965066093,-0.566356978,-0.314270061,0.211795828,0.457509075,-0.322503345,-0.591925932,0.124915706
"TEP1",-0.91188329,-0.855034414,-0.753340055,-0.862066374,-0.593454718,0.518192718,0.010838577,-0.442717364,-0.4028933,-0.255207208,0.553657808,-0.662565927,-0.036529985,0.256820031,-0.288862584,-0.323326015,0.097505282,0.219166022,-0.69964875,-0.134532322,0.017157004,0.197411344
"GAPDH",0.191963466,-0.177533266,0.691523518,0.684942273,1.32279268,0.9836563,0.130905573,0.702298407,0.217415387,-0.17860067,-0.157698171,-0.072234983,1.568655306,1.125301311,0.000414271,-0.015763907,-0.080499489,0.493190797,-0.023433331,-0.387518306,2.347538284,0.958304667
"ZRANB2",0.498138221,0.903049679,0.283018065,0.52481318,0.310775645,0.558710759,-0.040193725,0.149192748,0.239592841,0.978067644,-1.161349543,0.654235937,0.222379476,0.086359385,-0.772702821,-0.189881688,-0.117511286,0.433698359,0.365856887,0.257800011,0.267433748,-0.943993979
